anio,canasta_basica_usd,ingreso_familiar_usd,salario_basico_usd,fuente_ingreso,url_fuente
2018,712.03,720.53,386,Boletín IPC enero 2018 (oficial INEC),https://www.ecuadorencifras.gob.ec/wp-content/uploads/downloads/2018/05/Boletin_tecnico_01-2018.pdf
2019,719.88,735.47,394,Boletín IPC enero 2019 (oficial INEC),https://www.ecuadorencifras.gob.ec/documentos/web-inec/Inflacion/2019/Enero-2019/Boletin_tecnico_01-2019-IPC.pdf
2020,716.14,746.67,400,Boletín IPC enero 2020 (oficial INEC),https://www.ecuadorencifras.gob.ec/documentos/web-inec/Inflacion/2020/Enero-2020/Boletin_tecnico_01-2020-IPC.pdf
2021,712.11,746.67,400,Boletín IPC enero 2021 (oficial INEC),https://www.ecuadorencifras.gob.ec/documentos/web-inec/Inflacion/2021/Enero-2021/Boletin_tecnico_01-2021-IPC.pdf
2022,724.39,793.33,425,Boletín IPC enero 2022 (oficial INEC),https://www.ecuadorencifras.gob.ec/documentos/web-inec/Inflacion/2022/Enero-2022/Boletin_tecnico_01-2022-IPC.pdf
2023,764.71,840.00,450,Boletín IPC enero 2023 (oficial INEC),https://www.ecuadorencifras.gob.ec/documentos/web-inec/Inflacion/2023/enero/Boletin_tecnico_01-2023-IPC.pdf
2024,789.57,858.67,460,Boletín IPC enero 2024 (oficial INEC),https://www.ecuadorencifras.gob.ec/documentos/web-inec/Inflacion/2024/Enero/Boletin_tecnico_01-2024-IPC.pdf
2025,798.31,877.33,470,Boletín IPC enero 2025 (oficial INEC),https://www.ecuadorencifras.gob.ec/documentos/web-inec/Inflacion/2025/Enero/Boletin_tecnico_01-2025-IPC.pdf
2026,821.80,899.73,482,Boletín IPC enero 2026 (oficial INEC),https://www.ecuadorencifras.gob.ec/documentos/web-inec/Inflacion/2026/enero/BOLETIN_TECNICO_IPC_2026_01.pdf
